<?xml version="1.0" encoding="utf-8" ?>
<dwsync>
<file name="Welcome.php" server="C:/xampp/htdocs/bk/" local="130964867915116544" remote="130964867910000000" Dst="0" />
<file name="index.html" server="C:/xampp/htdocs/bk/" local="130887374340000000" remote="130887374340000000" Dst="0" />
<file name="Gallery.php" server="C:/xampp/htdocs/bk/" local="130964921356215135" remote="130964921350000000" Dst="0" />
<file name="Activity.php" server="C:/xampp/htdocs/bk/" local="130963794336745297" remote="130963794330000000" Dst="0" />
<file name="Sejarah.php" server="C:/xampp/htdocs/bk/" local="130963588245920678" remote="130963588240000000" Dst="0" />
<file name="Visi_misi.php" server="C:/xampp/htdocs/bk/" local="130953528418138014" remote="130953528410000000" Dst="0" />
<file name="Struktur_organisasi.php" server="C:/xampp/htdocs/bk/" local="130953533172043241" remote="130953533170000000" Dst="0" />
<file name="Dosen.php" server="C:/xampp/htdocs/bk/" local="130964430667030895" remote="130964430660000000" Dst="0" />
<file name="Jurnal.php" server="C:/xampp/htdocs/bk/" local="130963754892290892" remote="130963754890000000" Dst="0" />
<file name="C_login.php" server="C:/xampp/htdocs/bk/" local="130961802398155697" remote="130961802390000000" Dst="0" />
<file name="admin.php" server="C:/xampp/htdocs/bk/" local="130954002480000000" remote="130954002480000000" Dst="0" />
<file name="Admin.php" server="C:/xampp/htdocs/bk/" local="130961995333750522" remote="130961995330000000" Dst="0" />
<file name="posting.php" server="C:/xampp/htdocs/bk/" local="130965208135376936" remote="130965208130000000" Dst="0" />
<file name="Detail.php" server="C:/xampp/htdocs/bk/" local="130963747910000000" remote="130963747910000000" Dst="0" />
<file name="Family.php" server="C:/xampp/htdocs/bk/" local="130964405292547080" remote="130964405290000000" Dst="0" />
<file name="Alumni.php" server="C:/xampp/htdocs/bk/" local="130964437748928475" remote="130964437740000000" Dst="0" />
<file name="Mahasiswa.php" server="C:/xampp/htdocs/bk/" local="130964442925824306" remote="130964442920000000" Dst="0" />
<file name="Prev.php" server="C:/xampp/htdocs/bk/" local="130963763900000000" remote="130963763900000000" Dst="0" />
</dwsync>